gene,variant_type,LOEUF
AC005358.1,regulatory,0.277
ADAMTSL1,regulatory,0.531
ADD3,regulatory,0.246
AFM,regulatory,1.304
AHNAK,regulatory,0.308
AKAP1,regulatory,0.373
AKAP12,regulatory,0.426
AMPD3,regulatory,0.907
AP3M2,regulatory,1.112
APBA2,regulatory,0.384
APBB2,regulatory,0.44
AREG,regulatory,0.823
ARHGAP20,regulatory,0.431
ARHGAP24,regulatory,0.833
ARHGAP32,regulatory,0.254
ARID1B,regulatory,0.102
ARL15,regulatory,1.196
ASIP,regulatory,1.576
ATP10A,regulatory,0.427
ATP1B3,regulatory,0.683
ATXN10,regulatory,0.697
ATXN7L1,regulatory,0.221
AXIN2,regulatory,0.396
BBS5,regulatory,0.89
BCAS1,regulatory,0.86
BMP4,regulatory,0.334
BNC1,regulatory,0.326
BNC2,regulatory,0.34
C1ORF127,regulatory,1.041
C1ORF95,regulatory,1.555
C2ORF91,regulatory,1.61
C4ORF22,regulatory,1.642
C8ORF31,regulatory,1.887
C9ORF66,regulatory,1.885
CBFA2T3,regulatory,0.5
CCND1,regulatory,0.41
CCND2,regulatory,0.229
CD82,regulatory,1.255
CDC42BPA,regulatory,0.283
CDH3,regulatory,0.854
CDK10,regulatory,1.453
CDKAL1,regulatory,0.52
CDKN2B,regulatory,1.833
CELSR1,regulatory,0.25
CEP112,regulatory,1.127
CHL1,regulatory,0.644
CHMP1A,regulatory,1.177
CLEC17A,regulatory,0.94
CLIC5,regulatory,1.174
CLPTM1L,regulatory,0.645
CLSTN2,regulatory,0.594
CNTN6,regulatory,1.153
CNTNAP3,regulatory,0.767
CR1L,regulatory,1.619
CREB5,regulatory,0.48
CSMD1,regulatory,0.211
CTIF,regulatory,0.109
DBNDD1,regulatory,1.531
DCT,regulatory,1.174
DDIT4,regulatory,1.278
DEF8,regulatory,0.571
DIRC2,regulatory,1.156
DLX4,regulatory,1.067
DMBT1,regulatory,1.08
DNAJB4,regulatory,0.829
DOCK8,regulatory,0.477
DPEP1,regulatory,1.312
DSTYK,coding,0.371
EDNRB,regulatory,0.593
EMX2,regulatory,0.316
EN1,regulatory,0.35
ENPEP,regulatory,1.143
EPHA4,regulatory,0.175
EPHB4,regulatory,0.422
ERMP1,regulatory,0.886
ETV1,regulatory,0.347
EXOC2,regulatory,0.59
EYS,regulatory,0.834
EZR,regulatory,0.44
FAM189A1,regulatory,0.698
FANCA,regulatory,1.366
FBXL17,regulatory,0.149
FGF5,regulatory,1.876
FHIT,regulatory,1.453
FMN2,regulatory,0.274
FOSL2,regulatory,0.241
FOXE1,regulatory,0.576
FRAS1,regulatory,0.658
FREM2,coding,0.475
FTO,regulatory,0.85
FZD1,regulatory,0.602
FZD7,regulatory,0.606
GAB2,regulatory,0.304
GABRG3,regulatory,0.385
GMDS,regulatory,0.273
GRM5,regulatory,0.254
HAVCR2,regulatory,0.857
HDAC4,regulatory,0.052
HDAC9,regulatory,0.248
HERC2,regulatory,0.201
HGS,regulatory,0.456
HK1,regulatory,0.334
HLA-C,regulatory,1.017
HOXC13,coding,0.66
HSPA12A,regulatory,0.302
IL16,regulatory,0.687
IL6,regulatory,0.753
IQCJ-SCHIP1,regulatory,0.529
IRF4,regulatory,0.382
JAZF1,regulatory,0.405
KCNH1,regulatory,0.387
KIAA0930,regulatory,0.844
KIAA1239,regulatory,0.299
KIAA2026,regulatory,0.336
KITLG,regulatory,0.419
KRT31,coding,0.678
KRT33A,regulatory,1.689
LEF1,regulatory,0.212
LGR4,regulatory,0.382
LHX2,regulatory,0.224
LMO7,regulatory,0.411
LRRC16A,regulatory,0.365
LRRC4C,regulatory,0.306
MAP1LC3B2,regulatory,1.678
MAP3K1,regulatory,0.214
MARK3,regulatory,0.629
MBNL1,regulatory,0.425
MBTPS1,regulatory,0.588
MC1R,coding,1.967
MED13L,regulatory,0.064
MFSD12,coding,1.421
MGMT,regulatory,1.783
MIB2,regulatory,0.62
MITF,regulatory,0.308
MPST,regulatory,1.344
MRAS,regulatory,0.368
MRPL39,regulatory,0.903
MSH5,regulatory,0.699
MSI2,regulatory,0.237
MSX2,coding,0.819
MTX2,regulatory,0.677
MYCBP2,regulatory,0.115
MYO1B,regulatory,0.43
MYRF,regulatory,0.117
NDUFS4,regulatory,1.157
NEK6,regulatory,0.609
NFIA,regulatory,0.202
NIPAL3,regulatory,0.844
NOS1AP,regulatory,0.423
NOTUM,regulatory,0.58
NPLOC4,regulatory,0.134
NR3C2,regulatory,0.35
NSG2,regulatory,0.428
NUDCD3,regulatory,0.491
OCA2,coding,0.856
ORAOV1,regulatory,1.382
OVOL1,regulatory,0.422
PADI3,coding,0.943
PAX3,regulatory,0.475
PDE6G,regulatory,1.657
PEBP4,regulatory,1.287
PEX14,regulatory,0.518
PIGU,regulatory,0.865
PIGV,regulatory,1.238
PKHD1,regulatory,0.681
PLK2,regulatory,0.18
PLXNB2,coding,0.285
POMC,regulatory,1.384
PPARGC1B,regulatory,0.371
PPFIBP2,regulatory,1.217
PPM1A,regulatory,0.16
PSTPIP2,regulatory,0.567
PTAFR,regulatory,0.848
PTPN3,regulatory,0.568
PTPRM,regulatory,0.233
RAB11FIP2,regulatory,0.351
RAB5A,regulatory,0.536
RAD51B,regulatory,1.634
RALY,regulatory,0.64
RAP2B,regulatory,0.801
RASA3,regulatory,0.71
RERG,regulatory,1.282
ROR2,regulatory,0.558
RPL34,regulatory,0.567
RPL6,regulatory,0.201
RSPO2,regulatory,0.762
SCARB1,regulatory,0.519
SCML4,regulatory,0.971
SDF4,regulatory,0.764
SERPINI1,regulatory,0.644
SGK1,regulatory,0.577
SHC4,regulatory,0.943
SIK1,regulatory,0.341
SIM1,regulatory,0.253
SKOR2,regulatory,0.436
SLAIN1,regulatory,0.375
SLC12A9,coding,1.159
SLC24A4,regulatory,0.87
SLC24A5,coding,1.163
SLC38A2,regulatory,0.242
SLC45A1,regulatory,0.745
SLC45A2,coding,1.01
SLC7A7,regulatory,0.959
SNX16,regulatory,1.624
SOX6,regulatory,0.215
SP2,regulatory,0.219
SP6,regulatory,0.761
SPATA2L,regulatory,0.847
SPATA33,regulatory,1.927
SPIRE2,regulatory,0.861
STOX2,regulatory,0.425
SV2B,regulatory,0.631
SYNE2,regulatory,0.372
SYNGR1,regulatory,0.638
TACC1,regulatory,0.591
TBCD,regulatory,0.493
TCF25,regulatory,0.402
TET2,regulatory,1.38
TFAP2C,regulatory,0.371
THNSL2,regulatory,1.024
TMC7,regulatory,0.825
TMEM163,regulatory,0.851
TMEM38B,regulatory,0.798
TMEM91,regulatory,1.356
TMTC3,regulatory,0.563
TNFRSF9,regulatory,0.606
TNS3,regulatory,0.192
TPCN2,coding,0.691
TPK1,regulatory,0.7
TRANK1,regulatory,0.668
TSPAN10,regulatory,1.863
TTC3,regulatory,0.885
TUBB3,regulatory,1.114
TWIST2,regulatory,1.154
TYR,coding,1.964
TYRP1,regulatory,1.889
UTS2,regulatory,1.271
VASH2,regulatory,0.66
VGLL4,regulatory,0.954
WDR63,regulatory,0.757
WFDC5,coding,1.241
WIPF2,regulatory,0.535
ZBBX,regulatory,1.055
ZBTB38,regulatory,0.221
ZFP36L1,regulatory,0.598
ZFYVE16,regulatory,0.689
ZMAT4,regulatory,0.731
ZMIZ1,regulatory,0.252
ZNF304,coding,0.624
ZNF831,regulatory,0.739
